che_do,tram,ky_nguyen,sec_static,sec_adapt,cap_tong,buoc_phuc_vu
sparse,PTIT_Hanoi,2026-05-23T12:00:00+00:00,0,2,87,29
sparse,PTIT_Hanoi,2026-05-24T12:00:00+00:00,1,3,87,29
sparse,PTIT_Hanoi,2026-05-25T12:00:00+00:00,0,2,87,29
sparse,PTIT_Hanoi,2026-05-26T12:00:00+00:00,0,4,84,28
sparse,PTIT_Hanoi,2026-05-27T12:00:00+00:00,1,6,90,30
sparse,PTIT_Hanoi,2026-05-28T12:00:00+00:00,0,5,90,30
sparse,PTIT_Hanoi,2026-05-29T12:00:00+00:00,1,5,90,30
sparse,PTIT_Hanoi,2026-05-30T12:00:00+00:00,1,4,90,30
sparse,PTIT_Hanoi,2026-05-31T12:00:00+00:00,0,6,90,30
sparse,PTIT_Hanoi,2026-06-01T12:00:00+00:00,1,5,96,32
