cluster_id,g_i,s_i,w_i,gA,sA,mu,chi,beta_i,d_eve
0,1.69497,0.118084,27.8553,1.76652,0.117132,0.95,1,1.6125,22.8195
0,1.68357,0.118239,27.8954,1.76652,0.117132,0.95,1,1.6125,22.8195
0,1.71688,0.117787,27.7791,1.76652,0.117132,0.95,1,1.6125,22.8195
1,1.67751,0.118323,27.9169,1.72516,0.117676,0.95,0.5,1.6125,32.8725
1,1.75655,0.117262,27.6439,1.72516,0.117676,0.95,0.5,1.6125,32.8725
2,1.64561,0.118768,28.0314,1.73433,0.117554,0.95,1,1.6125,36.5931
2,1.68574,0.11821,27.8878,1.73433,0.117554,0.95,1,1.6125,36.5931
2,1.71223,0.11785,27.7951,1.73433,0.117554,0.95,1,1.6125,36.5931
3,1.7426,0.117445,27.691,1.78317,0.116917,0.95,0.5,1.6125,22.5664
3,1.74456,0.117419,27.6844,1.78317,0.116917,0.95,0.5,1.6125,22.5664
4,1.71238,0.117848,27.7946,1.74005,0.117479,0.95,1,1.6125,41.9442
4,1.71595,0.1178,27.7823,1.74005,0.117479,0.95,1,1.6125,41.9442
4,1.71208,0.117852,27.7957,1.74005,0.117479,0.95,1,1.6125,41.9442
4,1.74034,0.117475,27.6987,1.74005,0.117479,0.95,1,1.6125,41.9442
5,1.79113,0.116815,27.529,1.79418,0.116776,0.95,1,1.6125,36.4298
5,1.78426,0.116903,27.5516,1.79418,0.116776,0.95,1,1.6125,36.4298
5,1.76116,0.117202,27.6285,1.79418,0.116776,0.95,1,1.6125,36.4298
6,1.66453,0.118503,27.9632,1.71714,0.117784,0.95,1,1.6125,33.4306
6,1.69497,0.118084,27.8553,1.71714,0.117784,0.95,1,1.6125,33.4306
6,1.68889,0.118167,27.8767,1.71714,0.117784,0.95,1,1.6125,33.4306
7,1.72825,0.117635,27.7399,1.71201,0.117853,0.95,1,1.6125,26.5432
7,1.64266,0.118809,28.0422,1.71201,0.117853,0.95,1,1.6125,26.5432
7,1.64872,0.118724,28.0202,1.71201,0.117853,0.95,1,1.6125,26.5432
8,1.7909,0.116818,27.5298,1.79143,0.116811,0.95,1,1.6125,23.1714
8,1.77785,0.116985,27.5728,1.79143,0.116811,0.95,1,1.6125,23.1714
8,1.75586,0.117271,27.6462,1.79143,0.116811,0.95,1,1.6125,23.1714
8,1.78796,0.116855,27.5394,1.79143,0.116811,0.95,1,1.6125,23.1714
9,1.79903,0.116714,27.5031,1.79915,0.116713,0.95,1,1.6125,30.091
9,1.78593,0.116881,27.5461,1.79915,0.116713,0.95,1,1.6125,30.091
9,1.79533,0.116761,27.5152,1.79915,0.116713,0.95,1,1.6125,30.091
9,1.78179,0.116935,27.5598,1.79915,0.116713,0.95,1,1.6125,30.091
10,1.77135,0.117069,27.5944,1.79582,0.116755,0.95,1,1.6125,29.3022
10,1.75076,0.117338,27.6634,1.79582,0.116755,0.95,1,1.6125,29.3022
10,1.78158,0.116937,27.5605,1.79582,0.116755,0.95,1,1.6125,29.3022
10,1.74859,0.117366,27.6707,1.79582,0.116755,0.95,1,1.6125,29.3022
11,1.69912,0.118027,27.8408,1.76507,0.117151,0.95,1,1.6125,30.5046
11,1.70412,0.117959,27.8233,1.76507,0.117151,0.95,1,1.6125,30.5046
11,1.7497,0.117352,27.667,1.76507,0.117151,0.95,1,1.6125,30.5046
11,1.72359,0.117697,27.756,1.76507,0.117151,0.95,1,1.6125,30.5046
12,1.72619,0.117663,27.747,1.77054,0.11708,0.95,1,1.6125,37.7157
12,1.72839,0.117633,27.7395,1.77054,0.11708,0.95,1,1.6125,37.7157
12,1.70635,0.117929,27.8156,1.77054,0.11708,0.95,1,1.6125,37.7157
13,1.75788,0.117244,27.6395,1.79015,0.116827,0.95,1,1.6125,36.5803
13,1.79874,0.116718,27.5041,1.79015,0.116827,0.95,1,1.6125,36.5803
13,1.7651,0.11715,27.6153,1.79015,0.116827,0.95,1,1.6125,36.5803
14,1.61443,0.119212,28.1459,1.68038,0.118283,0.95,1,1.6125,24.9753
14,1.62406,0.119074,28.1103,1.68038,0.118283,0.95,1,1.6125,24.9753
14,1.66937,0.118436,27.9459,1.68038,0.118283,0.95,1,1.6125,24.9753
14,1.69831,0.118038,27.8436,1.68038,0.118283,0.95,1,1.6125,24.9753
15,1.69613,0.118068,27.8512,1.73897,0.117493,0.95,1,1.6125,40.4706
15,1.70658,0.117926,27.8148,1.73897,0.117493,0.95,1,1.6125,40.4706
15,1.64839,0.118729,28.0213,1.73897,0.117493,0.95,1,1.6125,40.4706
15,1.74455,0.117419,27.6844,1.73897,0.117493,0.95,1,1.6125,40.4706
16,1.75527,0.117278,27.6482,1.73282,0.117574,0.95,0.5,1.6125,22.5673
16,1.68389,0.118235,27.8943,1.73282,0.117574,0.95,0.5,1.6125,22.5673
17,1.71324,0.117836,27.7917,1.77713,0.116995,0.95,1,1.6125,40.5821
17,1.77491,0.117023,27.5826,1.77713,0.116995,0.95,1,1.6125,40.5821
17,1.75694,0.117257,27.6426,1.77713,0.116995,0.95,1,1.6125,40.5821
18,1.77244,0.117055,27.5908,1.77998,0.116958,0.95,1,1.6125,33.2446
18,1.72175,0.117722,27.7623,1.77998,0.116958,0.95,1,1.6125,33.2446
18,1.77336,0.117043,27.5877,1.77998,0.116958,0.95,1,1.6125,33.2446
18,1.77891,0.116972,27.5693,1.77998,0.116958,0.95,1,1.6125,33.2446
19,1.74881,0.117363,27.67,1.7851,0.116892,0.95,1,1.6125,33.7225
19,1.76678,0.117129,27.6096,1.7851,0.116892,0.95,1,1.6125,33.7225
19,1.78205,0.116931,27.5589,1.7851,0.116892,0.95,1,1.6125,33.7225
19,1.77563,0.117014,27.5802,1.7851,0.116892,0.95,1,1.6125,33.7225
20,1.69168,0.118128,27.8669,1.73301,0.117572,0.95,1,1.6125,41.1816
20,1.68695,0.118193,27.8835,1.73301,0.117572,0.95,1,1.6125,41.1816
20,1.6558,0.118625,27.9946,1.73301,0.117572,0.95,1,1.6125,41.1816
20,1.73322,0.117569,27.723,1.73301,0.117572,0.95,1,1.6125,41.1816
21,1.73152,0.117592,27.7288,1.78575,0.116884,0.95,1,1.6125,40.1992
21,1.76388,0.117166,27.6193,1.78575,0.116884,0.95,1,1.6125,40.1992
21,1.73087,0.1176,27.731,1.78575,0.116884,0.95,1,1.6125,40.1992
22,1.79731,0.116736,27.5087,1.79754,0.116733,0.95,0.5,1.6125,23.5726
22,1.78351,0.116913,27.5541,1.79754,0.116733,0.95,0.5,1.6125,23.5726
23,1.72243,0.117713,27.7599,1.69231,0.11812,0.95,1,1.6125,24.5363
23,1.68834,0.118174,27.8786,1.69231,0.11812,0.95,1,1.6125,24.5363
23,1.68264,0.118252,27.8987,1.69231,0.11812,0.95,1,1.6125,24.5363
24,1.7648,0.117154,27.6162,1.77386,0.117037,0.95,1,1.6125,37.5138
24,1.71492,0.117814,27.7859,1.77386,0.117037,0.95,1,1.6125,37.5138
24,1.71307,0.117839,27.7923,1.77386,0.117037,0.95,1,1.6125,37.5138
25,1.75922,0.117227,27.6349,1.75317,0.117306,0.95,1,1.6125,28.8859
25,1.76818,0.11711,27.605,1.75317,0.117306,0.95,1,1.6125,28.8859
25,1.70958,0.117886,27.8044,1.75317,0.117306,0.95,1,1.6125,28.8859
25,1.71651,0.117792,27.7803,1.75317,0.117306,0.95,1,1.6125,28.8859
26,1.68387,0.118235,27.8944,1.74082,0.117468,0.95,1,1.6125,40.5143
26,1.74519,0.117411,27.6822,1.74082,0.117468,0.95,1,1.6125,40.5143
26,1.75357,0.117301,27.6539,1.74082,0.117468,0.95,1,1.6125,40.5143
27,1.73202,0.117585,27.7271,1.7588,0.117232,0.95,1,1.6125,36.2924
27,1.67759,0.118322,27.9166,1.7588,0.117232,0.95,1,1.6125,36.2924
27,1.71611,0.117798,27.7817,1.7588,0.117232,0.95,1,1.6125,36.2924
27,1.71439,0.117821,27.7877,1.7588,0.117232,0.95,1,1.6125,36.2924
28,1.74709,0.117386,27.6758,1.79616,0.116751,0.95,1,1.6125,32.4687
28,1.7752,0.11702,27.5816,1.79616,0.116751,0.95,1,1.6125,32.4687
28,1.79678,0.116743,27.5105,1.79616,0.116751,0.95,1,1.6125,32.4687
28,1.7627,0.117182,27.6233,1.79616,0.116751,0.95,1,1.6125,32.4687
29,1.7037,0.117965,27.8248,1.71001,0.11788,0.95,1,1.6125,33.7974
29,1.64525,0.118773,28.0328,1.71001,0.11788,0.95,1,1.6125,33.7974
29,1.70288,0.117976,27.8276,1.71001,0.11788,0.95,1,1.6125,33.7974
30,1.73592,0.117533,27.7137,1.77106,0.117073,0.95,1,1.6125,41.2485
30,1.71256,0.117845,27.794,1.77106,0.117073,0.95,1,1.6125,41.2485
30,1.76144,0.117198,27.6275,1.77106,0.117073,0.95,1,1.6125,41.2485
30,1.74547,0.117407,27.6813,1.77106,0.117073,0.95,1,1.6125,41.2485
31,1.79213,0.116802,27.5257,1.79941,0.116709,0.95,1,1.6125,36.5176
31,1.76978,0.11709,27.5996,1.79941,0.116709,0.95,1,1.6125,36.5176
31,1.7895,0.116836,27.5344,1.79941,0.116709,0.95,1,1.6125,36.5176
32,1.72587,0.117667,27.7481,1.728,0.117639,0.95,0.5,1.6125,40.3065
32,1.72618,0.117663,27.7471,1.728,0.117639,0.95,0.5,1.6125,40.3065
33,1.72396,0.117692,27.7547,1.72055,0.117738,0.95,1,1.6125,34.6814
33,1.66763,0.11846,27.9521,1.72055,0.117738,0.95,1,1.6125,34.6814
33,1.70843,0.117901,27.8083,1.72055,0.117738,0.95,1,1.6125,34.6814
33,1.66298,0.118524,27.9688,1.72055,0.117738,0.95,1,1.6125,34.6814
34,1.74523,0.11741,27.6821,1.78089,0.116946,0.95,1,1.6125,37.7933
34,1.77222,0.117058,27.5915,1.78089,0.116946,0.95,1,1.6125,37.7933
34,1.72482,0.117681,27.7517,1.78089,0.116946,0.95,1,1.6125,37.7933
34,1.75238,0.117316,27.6579,1.78089,0.116946,0.95,1,1.6125,37.7933
35,1.62539,0.119055,28.1054,1.67941,0.118297,0.95,1,1.6125,25.6589
35,1.66772,0.118458,27.9518,1.67941,0.118297,0.95,1,1.6125,25.6589
35,1.62361,0.11908,28.1119,1.67941,0.118297,0.95,1,1.6125,25.6589
36,1.69861,0.118034,27.8426,1.76876,0.117103,0.95,1,1.6125,40.2738
36,1.74265,0.117444,27.6909,1.76876,0.117103,0.95,1,1.6125,40.2738
36,1.74728,0.117383,27.6752,1.76876,0.117103,0.95,1,1.6125,40.2738
36,1.68043,0.118283,27.9066,1.76876,0.117103,0.95,1,1.6125,40.2738
37,1.65963,0.118571,27.9808,1.73639,0.117527,0.95,1,1.6125,31.7107
37,1.74346,0.117434,27.6881,1.73639,0.117527,0.95,1,1.6125,31.7107
37,1.68046,0.118282,27.9065,1.73639,0.117527,0.95,1,1.6125,31.7107
38,1.73016,0.11761,27.7334,1.72129,0.117728,0.95,1,1.6125,28.4457
38,1.71697,0.117786,27.7788,1.72129,0.117728,0.95,1,1.6125,28.4457
38,1.71135,0.117862,27.7982,1.72129,0.117728,0.95,1,1.6125,28.4457
38,1.69811,0.118041,27.8443,1.72129,0.117728,0.95,1,1.6125,28.4457
39,1.77276,0.117051,27.5897,1.79896,0.116715,0.95,1,1.6125,30.139
39,1.76611,0.117137,27.6119,1.79896,0.116715,0.95,1,1.6125,30.139
39,1.79674,0.116743,27.5106,1.79896,0.116715,0.95,1,1.6125,30.139
39,1.77509,0.117021,27.582,1.79896,0.116715,0.95,1,1.6125,30.139
40,1.63775,0.118879,28.0601,1.73058,0.117604,0.95,0.5,1.6125,38.8758
40,1.63852,0.118868,28.0572,1.73058,0.117604,0.95,0.5,1.6125,38.8758
41,1.74793,0.117375,27.673,1.75644,0.117263,0.95,1,1.6125,37.0689
41,1.71243,0.117847,27.7945,1.75644,0.117263,0.95,1,1.6125,37.0689
41,1.72835,0.117634,27.7396,1.75644,0.117263,0.95,1,1.6125,37.0689
41,1.76156,0.117196,27.6271,1.75644,0.117263,0.95,1,1.6125,37.0689
42,1.74632,0.117396,27.6784,1.73938,0.117488,0.95,1,1.6125,23.8769
42,1.70883,0.117896,27.807,1.73938,0.117488,0.95,1,1.6125,23.8769
42,1.71375,0.117829,27.7899,1.73938,0.117488,0.95,1,1.6125,23.8769
43,1.71829,0.117768,27.7742,1.78312,0.116918,0.95,1,1.6125,33.726
43,1.74133,0.117462,27.6954,1.78312,0.116918,0.95,1,1.6125,33.726
43,1.72888,0.117627,27.7378,1.78312,0.116918,0.95,1,1.6125,33.726
44,1.67499,0.118358,27.9259,1.70724,0.117917,0.95,1,1.6125,22.8044
44,1.64216,0.118817,28.044,1.70724,0.117917,0.95,1,1.6125,22.8044
44,1.67942,0.118297,27.9101,1.70724,0.117917,0.95,1,1.6125,22.8044
45,1.73161,0.117591,27.7285,1.73439,0.117554,0.95,1,1.6125,41.9402
45,1.71003,0.117879,27.8028,1.73439,0.117554,0.95,1,1.6125,41.9402
45,1.66883,0.118443,27.9478,1.73439,0.117554,0.95,1,1.6125,41.9402
46,1.76925,0.117097,27.6014,1.7686,0.117105,0.95,1,1.6125,24.5472
46,1.77456,0.117028,27.5837,1.7686,0.117105,0.95,1,1.6125,24.5472
46,1.7228,0.117708,27.7587,1.7686,0.117105,0.95,1,1.6125,24.5472
47,1.76886,0.117102,27.6027,1.74948,0.117354,0.95,1,1.6125,31.69
47,1.71953,0.117752,27.7699,1.74948,0.117354,0.95,1,1.6125,31.69
47,1.75195,0.117322,27.6594,1.74948,0.117354,0.95,1,1.6125,31.69
48,1.75246,0.117315,27.6577,1.79455,0.116771,0.95,1,1.6125,29.2564
48,1.79263,0.116796,27.5241,1.79455,0.116771,0.95,1,1.6125,29.2564
48,1.77994,0.116958,27.5659,1.79455,0.116771,0.95,1,1.6125,29.2564
48,1.79703,0.11674,27.5097,1.79455,0.116771,0.95,1,1.6125,29.2564
49,1.77864,0.116975,27.5702,1.78935,0.116838,0.95,1,1.6125,39.6684
49,1.79251,0.116797,27.5245,1.78935,0.116838,0.95,1,1.6125,39.6684
49,1.77859,0.116976,27.5704,1.78935,0.116838,0.95,1,1.6125,39.6684
49,1.7976,0.116732,27.5078,1.78935,0.116838,0.95,1,1.6125,39.6684
50,1.75322,0.117305,27.6551,1.73933,0.117488,0.95,1,1.6125,34.9209
50,1.73917,0.11749,27.7027,1.73933,0.117488,0.95,1,1.6125,34.9209
50,1.7077,0.117911,27.8109,1.73933,0.117488,0.95,1,1.6125,34.9209
51,1.78045,0.116952,27.5642,1.76816,0.117111,0.95,1,1.6125,41.8405
51,1.75275,0.117312,27.6567,1.76816,0.117111,0.95,1,1.6125,41.8405
51,1.74427,0.117423,27.6854,1.76816,0.117111,0.95,1,1.6125,41.8405
51,1.78121,0.116942,27.5617,1.76816,0.117111,0.95,1,1.6125,41.8405
52,1.78256,0.116925,27.5572,1.78703,0.116867,0.95,0.5,1.6125,40.0222
52,1.74468,0.117417,27.684,1.78703,0.116867,0.95,0.5,1.6125,40.0222
53,1.76762,0.117118,27.6068,1.7657,0.117143,0.95,1,1.6125,31.5318
53,1.77102,0.117074,27.5955,1.7657,0.117143,0.95,1,1.6125,31.5318
53,1.72755,0.117645,27.7424,1.7657,0.117143,0.95,1,1.6125,31.5318
53,1.75965,0.117221,27.6335,1.7657,0.117143,0.95,1,1.6125,31.5318
54,1.69931,0.118024,27.8401,1.70732,0.117916,0.95,1,1.6125,31.0418
54,1.63554,0.11891,28.0681,1.70732,0.117916,0.95,1,1.6125,31.0418
54,1.64964,0.118711,28.0168,1.70732,0.117916,0.95,1,1.6125,31.0418
54,1.63868,0.118866,28.0567,1.70732,0.117916,0.95,1,1.6125,31.0418
55,1.79,0.116829,27.5327,1.79629,0.116749,0.95,0.5,1.6125,29.0549
55,1.79904,0.116714,27.5031,1.79629,0.116749,0.95,0.5,1.6125,29.0549
56,1.75926,0.117226,27.6348,1.78644,0.116875,0.95,1,1.6125,25.2514
56,1.78427,0.116903,27.5516,1.78644,0.116875,0.95,1,1.6125,25.2514
56,1.78072,0.116948,27.5633,1.78644,0.116875,0.95,1,1.6125,25.2514
57,1.66613,0.118481,27.9575,1.71412,0.117824,0.95,1,1.6125,35.6137
57,1.67429,0.118367,27.9283,1.71412,0.117824,0.95,1,1.6125,35.6137
57,1.64609,0.118761,28.0297,1.71412,0.117824,0.95,1,1.6125,35.6137
57,1.65787,0.118596,27.9871,1.71412,0.117824,0.95,1,1.6125,35.6137
58,1.78508,0.116892,27.5489,1.79332,0.116787,0.95,1,1.6125,23.7336
58,1.79236,0.116799,27.525,1.79332,0.116787,0.95,1,1.6125,23.7336
58,1.75246,0.117315,27.6577,1.79332,0.116787,0.95,1,1.6125,23.7336
59,1.75856,0.117236,27.6372,1.79747,0.116734,0.95,1,1.6125,22.098
59,1.79445,0.116773,27.5181,1.79747,0.116734,0.95,1,1.6125,22.098
59,1.76928,0.117096,27.6013,1.79747,0.116734,0.95,1,1.6125,22.098
59,1.79662,0.116745,27.511,1.79747,0.116734,0.95,1,1.6125,22.098
60,1.72785,0.117641,27.7413,1.74398,0.117427,0.95,1,1.6125,36.3303
60,1.68478,0.118223,27.8912,1.74398,0.117427,0.95,1,1.6125,36.3303
60,1.70127,0.117998,27.8333,1.74398,0.117427,0.95,1,1.6125,36.3303
60,1.70756,0.117913,27.8114,1.74398,0.117427,0.95,1,1.6125,36.3303
61,1.68146,0.118269,27.9029,1.72296,0.117706,0.95,1,1.6125,34.6298
61,1.71463,0.117817,27.7868,1.72296,0.117706,0.95,1,1.6125,34.6298
61,1.65035,0.118701,28.0142,1.72296,0.117706,0.95,1,1.6125,34.6298
61,1.72027,0.117742,27.7674,1.72296,0.117706,0.95,1,1.6125,34.6298
62,1.76603,0.117138,27.6121,1.75221,0.117319,0.95,1,1.6125,35.4381
62,1.72447,0.117686,27.7529,1.75221,0.117319,0.95,1,1.6125,35.4381
62,1.74339,0.117434,27.6883,1.75221,0.117319,0.95,1,1.6125,35.4381
63,1.70765,0.117912,27.8111,1.75303,0.117308,0.95,1,1.6125,35.8797
63,1.72879,0.117628,27.7381,1.75303,0.117308,0.95,1,1.6125,35.8797
63,1.73402,0.117558,27.7202,1.75303,0.117308,0.95,1,1.6125,35.8797
64,1.78632,0.116876,27.5448,1.78265,0.116924,0.95,1,1.6125,35.906
64,1.73535,0.117541,27.7157,1.78265,0.116924,0.95,1,1.6125,35.906
64,1.75944,0.117224,27.6342,1.78265,0.116924,0.95,1,1.6125,35.906
65,1.74436,0.117422,27.6851,1.7653,0.117148,0.95,0.5,1.6125,38.8235
65,1.76098,0.117204,27.6291,1.7653,0.117148,0.95,0.5,1.6125,38.8235
66,1.78776,0.116858,27.5401,1.79132,0.116813,0.95,1,1.6125,38.8822
66,1.77826,0.11698,27.5715,1.79132,0.116813,0.95,1,1.6125,38.8822
66,1.7789,0.116972,27.5693,1.79132,0.116813,0.95,1,1.6125,38.8822
67,1.62643,0.11904,28.1016,1.72293,0.117706,0.95,1,1.6125,29.7535
67,1.62393,0.119076,28.1108,1.72293,0.117706,0.95,1,1.6125,29.7535
67,1.72463,0.117684,27.7524,1.72293,0.117706,0.95,1,1.6125,29.7535
67,1.70963,0.117885,27.8042,1.72293,0.117706,0.95,1,1.6125,29.7535
68,1.75904,0.117229,27.6356,1.76191,0.117192,0.95,0.5,1.6125,34.1339
68,1.72679,0.117655,27.745,1.76191,0.117192,0.95,0.5,1.6125,34.1339
69,1.69233,0.11812,27.8646,1.74361,0.117432,0.95,1,1.6125,26.3413
69,1.72936,0.11762,27.7362,1.74361,0.117432,0.95,1,1.6125,26.3413
69,1.74045,0.117473,27.6983,1.74361,0.117432,0.95,1,1.6125,26.3413
69,1.66587,0.118484,27.9584,1.74361,0.117432,0.95,1,1.6125,26.3413
70,1.71189,0.117854,27.7963,1.73587,0.117534,0.95,1,1.6125,27.8815
70,1.68834,0.118174,27.8786,1.73587,0.117534,0.95,1,1.6125,27.8815
70,1.69392,0.118098,27.859,1.73587,0.117534,0.95,1,1.6125,27.8815
70,1.71247,0.117847,27.7943,1.73587,0.117534,0.95,1,1.6125,27.8815
71,1.73743,0.117513,27.7086,1.75101,0.117334,0.95,1,1.6125,35.5153
71,1.71507,0.117812,27.7853,1.75101,0.117334,0.95,1,1.6125,35.5153
71,1.71828,0.117768,27.7742,1.75101,0.117334,0.95,1,1.6125,35.5153
72,1.75762,0.117248,27.6403,1.78011,0.116956,0.95,1,1.6125,32.915
72,1.7726,0.117053,27.5902,1.78011,0.116956,0.95,1,1.6125,32.915
72,1.76083,0.117206,27.6295,1.78011,0.116956,0.95,1,1.6125,32.915
73,1.71357,0.117832,27.7905,1.68561,0.118211,0.95,0.5,1.6125,30.5605
73,1.61549,0.119197,28.142,1.68561,0.118211,0.95,0.5,1.6125,30.5605
74,1.71039,0.117875,27.8015,1.70929,0.117889,0.95,0.5,1.6125,22.242
74,1.61175,0.119251,28.1559,1.70929,0.117889,0.95,0.5,1.6125,22.242
75,1.68127,0.118271,27.9036,1.71158,0.117858,0.95,0.5,1.6125,41.2133
75,1.64105,0.118832,28.048,1.71158,0.117858,0.95,0.5,1.6125,41.2133
76,1.69665,0.118061,27.8494,1.75282,0.117311,0.95,0.5,1.6125,40.6857
76,1.72483,0.117681,27.7517,1.75282,0.117311,0.95,0.5,1.6125,40.6857
77,1.7939,0.116779,27.5199,1.79124,0.116813,0.95,0.5,1.6125,27.9185
77,1.79698,0.11674,27.5098,1.79124,0.116813,0.95,0.5,1.6125,27.9185
78,1.73705,0.117518,27.7099,1.77834,0.116979,0.95,0.5,1.6125,34.2831
78,1.7559,0.11727,27.6461,1.77834,0.116979,0.95,0.5,1.6125,34.2831
79,1.692,0.118124,27.8657,1.68362,0.118239,0.95,1,1.6125,37.5206
79,1.70383,0.117963,27.8243,1.68362,0.118239,0.95,1,1.6125,37.5206
79,1.69873,0.118032,27.8422,1.68362,0.118239,0.95,1,1.6125,37.5206
79,1.67164,0.118404,27.9378,1.68362,0.118239,0.95,1,1.6125,37.5206
80,1.75905,0.117229,27.6355,1.75678,0.117259,0.95,0.5,1.6125,37.5989
80,1.74422,0.117424,27.6855,1.75678,0.117259,0.95,0.5,1.6125,37.5989
81,1.75188,0.117323,27.6596,1.76754,0.117119,0.95,0.5,1.6125,36.4476
81,1.71119,0.117864,27.7988,1.76754,0.117119,0.95,0.5,1.6125,36.4476
82,1.75313,0.117307,27.6554,1.76348,0.117171,0.95,1,1.6125,30.9572
82,1.75869,0.117234,27.6367,1.76348,0.117171,0.95,1,1.6125,30.9572
82,1.72337,0.1177,27.7567,1.76348,0.117171,0.95,1,1.6125,30.9572
82,1.75627,0.117265,27.6449,1.76348,0.117171,0.95,1,1.6125,30.9572
83,1.6817,0.118265,27.9021,1.71454,0.117819,0.95,1,1.6125,27.413
83,1.67448,0.118365,27.9277,1.71454,0.117819,0.95,1,1.6125,27.413
83,1.64024,0.118844,28.051,1.71454,0.117819,0.95,1,1.6125,27.413
83,1.72435,0.117687,27.7533,1.71454,0.117819,0.95,1,1.6125,27.413
84,1.79474,0.116769,27.5172,1.79342,0.116786,0.95,1,1.6125,23.5288
84,1.76514,0.11715,27.6151,1.79342,0.116786,0.95,1,1.6125,23.5288
84,1.79779,0.11673,27.5072,1.79342,0.116786,0.95,1,1.6125,23.5288
84,1.78793,0.116856,27.5395,1.79342,0.116786,0.95,1,1.6125,23.5288
85,1.76943,0.117094,27.6008,1.77421,0.117032,0.95,0.5,1.6125,26.3306
85,1.76566,0.117143,27.6134,1.77421,0.117032,0.95,0.5,1.6125,26.3306
86,1.65711,0.118606,27.9899,1.7064,0.117928,0.95,1,1.6125,29.7173
86,1.65761,0.118599,27.9881,1.7064,0.117928,0.95,1,1.6125,29.7173
86,1.72261,0.117711,27.7593,1.7064,0.117928,0.95,1,1.6125,29.7173
86,1.66751,0.118461,27.9525,1.7064,0.117928,0.95,1,1.6125,29.7173
87,1.74583,0.117402,27.6801,1.73693,0.11752,0.95,1,1.6125,37.9114
87,1.74959,0.117353,27.6674,1.73693,0.11752,0.95,1,1.6125,37.9114
87,1.72899,0.117625,27.7374,1.73693,0.11752,0.95,1,1.6125,37.9114
88,1.64505,0.118776,28.0335,1.7126,0.117845,0.95,1,1.6125,39.9095
88,1.67916,0.1183,27.9111,1.7126,0.117845,0.95,1,1.6125,39.9095
88,1.65118,0.118689,28.0112,1.7126,0.117845,0.95,1,1.6125,39.9095
88,1.69842,0.118037,27.8432,1.7126,0.117845,0.95,1,1.6125,39.9095
89,1.65739,0.118602,27.9888,1.73575,0.117536,0.95,1,1.6125,27.3142
89,1.66306,0.118523,27.9685,1.73575,0.117536,0.95,1,1.6125,27.3142
89,1.66554,0.118489,27.9596,1.73575,0.117536,0.95,1,1.6125,27.3142
90,1.7611,0.117202,27.6286,1.74086,0.117468,0.95,0.5,1.6125,24.3056
90,1.74788,0.117375,27.6731,1.74086,0.117468,0.95,0.5,1.6125,24.3056
91,1.76152,0.117197,27.6272,1.7834,0.116914,0.95,1,1.6125,29.5674
91,1.74672,0.117391,27.677,1.7834,0.116914,0.95,1,1.6125,29.5674
91,1.76488,0.117153,27.616,1.7834,0.116914,0.95,1,1.6125,29.5674
92,1.69831,0.118038,27.8436,1.73513,0.117544,0.95,1,1.6125,24.8765
92,1.72307,0.117704,27.7577,1.73513,0.117544,0.95,1,1.6125,24.8765
92,1.74887,0.117362,27.6698,1.73513,0.117544,0.95,1,1.6125,24.8765
93,1.70387,0.117963,27.8242,1.75962,0.117222,0.95,0.5,1.6125,36.9991
93,1.73652,0.117525,27.7117,1.75962,0.117222,0.95,0.5,1.6125,36.9991
94,1.73002,0.117612,27.7339,1.69418,0.118094,0.95,1,1.6125,27.4746
94,1.71454,0.117819,27.7872,1.69418,0.118094,0.95,1,1.6125,27.4746
94,1.70865,0.117898,27.8076,1.69418,0.118094,0.95,1,1.6125,27.4746
94,1.65073,0.118696,28.0129,1.69418,0.118094,0.95,1,1.6125,27.4746
95,1.71961,0.117751,27.7696,1.77239,0.117056,0.95,1,1.6125,31.2875
95,1.77071,0.117078,27.5965,1.77239,0.117056,0.95,1,1.6125,31.2875
95,1.76229,0.117187,27.6246,1.77239,0.117056,0.95,1,1.6125,31.2875
95,1.71462,0.117818,27.7869,1.77239,0.117056,0.95,1,1.6125,31.2875
96,1.77366,0.117039,27.5867,1.76576,0.117142,0.95,0.5,1.6125,34.0333
96,1.76573,0.117142,27.6131,1.76576,0.117142,0.95,0.5,1.6125,34.0333
97,1.73584,0.117534,27.714,1.77999,0.116958,0.95,1,1.6125,31.884
97,1.78078,0.116948,27.5631,1.77999,0.116958,0.95,1,1.6125,31.884
97,1.73324,0.117569,27.7229,1.77999,0.116958,0.95,1,1.6125,31.884
97,1.72981,0.117614,27.7346,1.77999,0.116958,0.95,1,1.6125,31.884
98,1.76215,0.117189,27.6251,1.79747,0.116734,0.95,1,1.6125,27.8551
98,1.79882,0.116717,27.5038,1.79747,0.116734,0.95,1,1.6125,27.8551
98,1.77406,0.117034,27.5854,1.79747,0.116734,0.95,1,1.6125,27.8551
99,1.75861,0.117235,27.637,1.77378,0.117038,0.95,0.5,1.6125,24.5975
99,1.7679,0.117114,27.6059,1.77378,0.117038,0.95,0.5,1.6125,24.5975
100,1.7362,0.11753,27.7128,1.78631,0.116877,0.95,1,1.6125,41.2452
100,1.79195,0.116804,27.5263,1.78631,0.116877,0.95,1,1.6125,41.2452
100,1.79077,0.116819,27.5302,1.78631,0.116877,0.95,1,1.6125,41.2452
100,1.79204,0.116803,27.526,1.78631,0.116877,0.95,1,1.6125,41.2452
101,1.69176,0.118127,27.8666,1.7468,0.11739,0.95,1,1.6125,26.4047
101,1.73829,0.117502,27.7057,1.7468,0.11739,0.95,1,1.6125,26.4047
101,1.74557,0.117406,27.681,1.7468,0.11739,0.95,1,1.6125,26.4047
102,1.68754,0.118185,27.8815,1.75464,0.117287,0.95,1,1.6125,24.9842
102,1.67291,0.118386,27.9333,1.75464,0.117287,0.95,1,1.6125,24.9842
102,1.66923,0.118437,27.9464,1.75464,0.117287,0.95,1,1.6125,24.9842
103,1.74892,0.117362,27.6696,1.77382,0.117037,0.95,1,1.6125,25.0691
103,1.7126,0.117845,27.7939,1.77382,0.117037,0.95,1,1.6125,25.0691
103,1.73214,0.117583,27.7266,1.77382,0.117037,0.95,1,1.6125,25.0691
104,1.77601,0.117009,27.5789,1.77793,0.116984,0.95,0.5,1.6125,30.7088
104,1.74842,0.117368,27.6713,1.77793,0.116984,0.95,0.5,1.6125,30.7088
105,1.79127,0.116813,27.5285,1.79893,0.116715,0.95,1,1.6125,36.3644
105,1.79842,0.116722,27.5051,1.79893,0.116715,0.95,1,1.6125,36.3644
105,1.77109,0.117073,27.5953,1.79893,0.116715,0.95,1,1.6125,36.3644
105,1.79841,0.116722,27.5052,1.79893,0.116715,0.95,1,1.6125,36.3644
106,1.70629,0.11793,27.8158,1.76257,0.117183,0.95,1,1.6125,39.1689
106,1.73608,0.117531,27.7132,1.76257,0.117183,0.95,1,1.6125,39.1689
106,1.69244,0.118118,27.8642,1.76257,0.117183,0.95,1,1.6125,39.1689
106,1.71795,0.117773,27.7754,1.76257,0.117183,0.95,1,1.6125,39.1689
107,1.72124,0.117729,27.764,1.70072,0.118005,0.95,1,1.6125,40.8472
107,1.72104,0.117731,27.7647,1.70072,0.118005,0.95,1,1.6125,40.8472
107,1.66617,0.11848,27.9573,1.70072,0.118005,0.95,1,1.6125,40.8472
108,1.74742,0.117381,27.6747,1.78257,0.116925,0.95,1,1.6125,25.4766
108,1.78973,0.116833,27.5336,1.78257,0.116925,0.95,1,1.6125,25.4766
108,1.77121,0.117071,27.5949,1.78257,0.116925,0.95,1,1.6125,25.4766
109,1.74126,0.117463,27.6956,1.77865,0.116975,0.95,1,1.6125,37.8003
109,1.75446,0.117289,27.651,1.77865,0.116975,0.95,1,1.6125,37.8003
109,1.71843,0.117766,27.7737,1.77865,0.116975,0.95,1,1.6125,37.8003
110,1.73331,0.117568,27.7227,1.7823,0.116928,0.95,1,1.6125,30.3088
110,1.77167,0.117065,27.5934,1.7823,0.116928,0.95,1,1.6125,30.3088
110,1.75147,0.117328,27.661,1.7823,0.116928,0.95,1,1.6125,30.3088
111,1.67296,0.118386,27.9331,1.76511,0.11715,0.95,1,1.6125,25.9935
111,1.69288,0.118112,27.8627,1.76511,0.11715,0.95,1,1.6125,25.9935
111,1.75748,0.11725,27.6408,1.76511,0.11715,0.95,1,1.6125,25.9935
111,1.6894,0.11816,27.8749,1.76511,0.11715,0.95,1,1.6125,25.9935
112,1.74977,0.117351,27.6668,1.78363,0.116911,0.95,1,1.6125,37.4523
112,1.79033,0.116825,27.5316,1.78363,0.116911,0.95,1,1.6125,37.4523
112,1.75724,0.117253,27.6416,1.78363,0.116911,0.95,1,1.6125,37.4523
112,1.77515,0.11702,27.5818,1.78363,0.116911,0.95,1,1.6125,37.4523
113,1.77729,0.116993,27.5747,1.77644,0.117003,0.95,0.5,1.6125,36.6861
113,1.78539,0.116888,27.5479,1.77644,0.117003,0.95,0.5,1.6125,36.6861
114,1.71174,0.117856,27.7969,1.68584,0.118208,0.95,1,1.6125,27.7968
114,1.60871,0.119295,28.1672,1.68584,0.118208,0.95,1,1.6125,27.7968
114,1.6284,0.119012,28.0943,1.68584,0.118208,0.95,1,1.6125,27.7968
115,1.78562,0.116885,27.5471,1.79021,0.116827,0.95,1,1.6125,27.9137
115,1.76486,0.117154,27.6161,1.79021,0.116827,0.95,1,1.6125,27.9137
115,1.77376,0.117038,27.5864,1.79021,0.116827,0.95,1,1.6125,27.9137
115,1.79128,0.116813,27.5285,1.79021,0.116827,0.95,1,1.6125,27.9137
116,1.74403,0.117426,27.6862,1.76555,0.117144,0.95,1,1.6125,24.235
116,1.76892,0.117101,27.6025,1.76555,0.117144,0.95,1,1.6125,24.235
116,1.68658,0.118198,27.8848,1.76555,0.117144,0.95,1,1.6125,24.235
116,1.75313,0.117307,27.6554,1.76555,0.117144,0.95,1,1.6125,24.235
117,1.78034,0.116953,27.5646,1.7791,0.116969,0.95,0.5,1.6125,29.5128
117,1.77619,0.117007,27.5783,1.7791,0.116969,0.95,0.5,1.6125,29.5128
118,1.75904,0.117229,27.6355,1.79164,0.116808,0.95,1,1.6125,29.2971
118,1.75475,0.117285,27.65,1.79164,0.116808,0.95,1,1.6125,29.2971
118,1.77697,0.116997,27.5758,1.79164,0.116808,0.95,1,1.6125,29.2971
119,1.74372,0.11743,27.6872,1.79155,0.11681,0.95,1,1.6125,30.185
119,1.75457,0.117288,27.6506,1.79155,0.11681,0.95,1,1.6125,30.185
119,1.7707,0.117078,27.5966,1.79155,0.11681,0.95,1,1.6125,30.185
119,1.79094,0.116817,27.5296,1.79155,0.11681,0.95,1,1.6125,30.185
120,1.73563,0.117537,27.7147,1.75028,0.117344,0.95,1,1.6125,23.5078
120,1.71228,0.117849,27.795,1.75028,0.117344,0.95,1,1.6125,23.5078
120,1.70359,0.117966,27.8252,1.75028,0.117344,0.95,1,1.6125,23.5078
121,1.797,0.11674,27.5098,1.78492,0.116894,0.95,1,1.6125,31.3932
121,1.78603,0.11688,27.5458,1.78492,0.116894,0.95,1,1.6125,31.3932
121,1.78753,0.116861,27.5408,1.78492,0.116894,0.95,1,1.6125,31.3932
121,1.78453,0.116899,27.5507,1.78492,0.116894,0.95,1,1.6125,31.3932
122,1.69687,0.118058,27.8487,1.71737,0.117781,0.95,0.5,1.6125,39.6616
122,1.71515,0.117811,27.7851,1.71737,0.117781,0.95,0.5,1.6125,39.6616
123,1.73382,0.117561,27.7209,1.73782,0.117508,0.95,1,1.6125,34.884
123,1.73423,0.117556,27.7195,1.73782,0.117508,0.95,1,1.6125,34.884
123,1.64669,0.118752,28.0275,1.73782,0.117508,0.95,1,1.6125,34.884
124,1.78531,0.116889,27.5482,1.7827,0.116923,0.95,1,1.6125,39.9072
124,1.77825,0.11698,27.5715,1.7827,0.116923,0.95,1,1.6125,39.9072
124,1.73644,0.117526,27.712,1.7827,0.116923,0.95,1,1.6125,39.9072
125,1.78001,0.116957,27.5656,1.79967,0.116706,0.95,1,1.6125,33.2826
125,1.79187,0.116805,27.5266,1.79967,0.116706,0.95,1,1.6125,33.2826
125,1.78947,0.116836,27.5345,1.79967,0.116706,0.95,1,1.6125,33.2826
125,1.79676,0.116743,27.5105,1.79967,0.116706,0.95,1,1.6125,33.2826
126,1.7306,0.117604,27.7319,1.76199,0.117191,0.95,1,1.6125,38.1904
126,1.75233,0.117317,27.6581,1.76199,0.117191,0.95,1,1.6125,38.1904
126,1.72197,0.117719,27.7615,1.76199,0.117191,0.95,1,1.6125,38.1904
126,1.78278,0.116922,27.5565,1.76199,0.117191,0.95,1,1.6125,38.1904
127,1.68472,0.118224,27.8914,1.7546,0.117287,0.95,0.5,1.6125,37.3477
127,1.76389,0.117166,27.6193,1.7546,0.117287,0.95,0.5,1.6125,37.3477
128,1.75271,0.117312,27.6568,1.76072,0.117207,0.95,1,1.6125,34.5726
128,1.7157,0.117803,27.7832,1.76072,0.117207,0.95,1,1.6125,34.5726
128,1.72827,0.117635,27.7399,1.76072,0.117207,0.95,1,1.6125,34.5726
129,1.777,0.116996,27.5756,1.78639,0.116876,0.95,0.5,1.6125,39.7235
129,1.76781,0.117115,27.6062,1.78639,0.116876,0.95,0.5,1.6125,39.7235
130,1.77032,0.117083,27.5978,1.76639,0.117134,0.95,1,1.6125,38.6771
130,1.7822,0.116929,27.5584,1.76639,0.117134,0.95,1,1.6125,38.6771
130,1.73975,0.117483,27.7007,1.76639,0.117134,0.95,1,1.6125,38.6771
131,1.75493,0.117283,27.6493,1.76805,0.117112,0.95,1,1.6125,39.8852
131,1.76589,0.11714,27.6126,1.76805,0.117112,0.95,1,1.6125,39.8852
131,1.74056,0.117472,27.698,1.76805,0.117112,0.95,1,1.6125,39.8852
131,1.74087,0.117468,27.6969,1.76805,0.117112,0.95,1,1.6125,39.8852
132,1.7186,0.117764,27.7731,1.74664,0.117392,0.95,1,1.6125,33.5464
132,1.6778,0.118319,27.9159,1.74664,0.117392,0.95,1,1.6125,33.5464
132,1.73286,0.117574,27.7242,1.74664,0.117392,0.95,1,1.6125,33.5464
132,1.68338,0.118242,27.8961,1.74664,0.117392,0.95,1,1.6125,33.5464
133,1.76162,0.117196,27.6269,1.76896,0.1171,0.95,1,1.6125,23.7068
133,1.74354,0.117433,27.6878,1.76896,0.1171,0.95,1,1.6125,23.7068
133,1.7133,0.117835,27.7914,1.76896,0.1171,0.95,1,1.6125,23.7068
133,1.76897,0.1171,27.6023,1.76896,0.1171,0.95,1,1.6125,23.7068
134,1.74559,0.117406,27.6809,1.75896,0.11723,0.95,0.5,1.6125,37.3964
134,1.71116,0.117864,27.7989,1.75896,0.11723,0.95,0.5,1.6125,37.3964
135,1.76225,0.117187,27.6248,1.77728,0.116993,0.95,1,1.6125,37.2864
135,1.78379,0.116909,27.5532,1.77728,0.116993,0.95,1,1.6125,37.2864
135,1.77276,0.117051,27.5897,1.77728,0.116993,0.95,1,1.6125,37.2864
136,1.78149,0.116939,27.5608,1.77808,0.116982,0.95,1,1.6125,34.8924
136,1.77451,0.117028,27.5839,1.77808,0.116982,0.95,1,1.6125,34.8924
136,1.76607,0.117138,27.612,1.77808,0.116982,0.95,1,1.6125,34.8924
136,1.77854,0.116976,27.5705,1.77808,0.116982,0.95,1,1.6125,34.8924
137,1.76358,0.11717,27.6203,1.78243,0.116926,0.95,1,1.6125,33.9861
137,1.78295,0.11692,27.5559,1.78243,0.116926,0.95,1,1.6125,33.9861
137,1.75334,0.117304,27.6547,1.78243,0.116926,0.95,1,1.6125,33.9861
137,1.74332,0.117436,27.6886,1.78243,0.116926,0.95,1,1.6125,33.9861
138,1.79079,0.116819,27.5301,1.79247,0.116798,0.95,1,1.6125,38.0798
138,1.77047,0.117081,27.5973,1.79247,0.116798,0.95,1,1.6125,38.0798
138,1.79419,0.116776,27.519,1.79247,0.116798,0.95,1,1.6125,38.0798
138,1.77669,0.117,27.5767,1.79247,0.116798,0.95,1,1.6125,38.0798
139,1.77497,0.117022,27.5824,1.75906,0.117229,0.95,0.5,1.6125,30.802
139,1.76591,0.11714,27.6125,1.75906,0.117229,0.95,0.5,1.6125,30.802
140,1.75143,0.117329,27.6611,1.7824,0.116927,0.95,1,1.6125,36.1247
140,1.79033,0.116825,27.5316,1.7824,0.116927,0.95,1,1.6125,36.1247
140,1.78939,0.116837,27.5347,1.7824,0.116927,0.95,1,1.6125,36.1247
140,1.74439,0.117421,27.6849,1.7824,0.116927,0.95,1,1.6125,36.1247
141,1.7545,0.117289,27.6508,1.78096,0.116945,0.95,1,1.6125,33.3674
141,1.78658,0.116873,27.544,1.78096,0.116945,0.95,1,1.6125,33.3674
141,1.74312,0.117438,27.6893,1.78096,0.116945,0.95,1,1.6125,33.3674
141,1.7846,0.116899,27.5505,1.78096,0.116945,0.95,1,1.6125,33.3674
142,1.73261,0.117577,27.725,1.74159,0.117458,0.95,0.5,1.6125,31.8452
142,1.759,0.11723,27.6357,1.74159,0.117458,0.95,0.5,1.6125,31.8452
143,1.66637,0.118477,27.9566,1.69416,0.118095,0.95,1,1.6125,32.4535
143,1.62825,0.119014,28.0949,1.69416,0.118095,0.95,1,1.6125,32.4535
143,1.66218,0.118535,27.9716,1.69416,0.118095,0.95,1,1.6125,32.4535
144,1.77545,0.117016,27.5808,1.79115,0.116815,0.95,0.5,1.6125,25.4548
144,1.759,0.11723,27.6357,1.79115,0.116815,0.95,0.5,1.6125,25.4548
145,1.70094,0.118002,27.8344,1.75208,0.11732,0.95,1,1.6125,26.5033
145,1.70735,0.117916,27.8121,1.75208,0.11732,0.95,1,1.6125,26.5033
145,1.74244,0.117447,27.6916,1.75208,0.11732,0.95,1,1.6125,26.5033
146,1.68034,0.118284,27.9069,1.75466,0.117287,0.95,0.5,1.6125,35.6962
146,1.69002,0.118151,27.8727,1.75466,0.117287,0.95,0.5,1.6125,35.6962
147,1.65565,0.118627,27.9951,1.73047,0.117606,0.95,1,1.6125,24.1368
147,1.71514,0.117811,27.7851,1.73047,0.117606,0.95,1,1.6125,24.1368
147,1.73434,0.117554,27.7191,1.73047,0.117606,0.95,1,1.6125,24.1368
147,1.66916,0.118438,27.9466,1.73047,0.117606,0.95,1,1.6125,24.1368
148,1.74645,0.117394,27.678,1.72879,0.117628,0.95,1,1.6125,28.8969
148,1.69395,0.118097,27.8589,1.72879,0.117628,0.95,1,1.6125,28.8969
148,1.65858,0.118586,27.9845,1.72879,0.117628,0.95,1,1.6125,28.8969
149,1.79184,0.116806,27.5267,1.79883,0.116717,0.95,1,1.6125,29.6664
149,1.79939,0.11671,27.5019,1.79883,0.116717,0.95,1,1.6125,29.6664
149,1.7711,0.117073,27.5953,1.79883,0.116717,0.95,1,1.6125,29.6664
150,1.76256,0.117183,27.6237,1.75916,0.117228,0.95,0.5,1.6125,34.0359
150,1.76417,0.117162,27.6184,1.75916,0.117228,0.95,0.5,1.6125,34.0359
151,1.79953,0.116708,27.5015,1.79964,0.116706,0.95,1,1.6125,27.328
151,1.78723,0.116865,27.5418,1.79964,0.116706,0.95,1,1.6125,27.328
151,1.79778,0.11673,27.5072,1.79964,0.116706,0.95,1,1.6125,27.328
152,1.76227,0.117187,27.6247,1.79921,0.116712,0.95,0.5,1.6125,24.9747
152,1.78029,0.116954,27.5647,1.79921,0.116712,0.95,0.5,1.6125,24.9747
153,1.67509,0.118356,27.9255,1.75511,0.117281,0.95,1,1.6125,33.2641
153,1.72149,0.117725,27.7632,1.75511,0.117281,0.95,1,1.6125,33.2641
153,1.72397,0.117692,27.7547,1.75511,0.117281,0.95,1,1.6125,33.2641
153,1.74677,0.11739,27.6769,1.75511,0.117281,0.95,1,1.6125,33.2641
154,1.77987,0.116959,27.5661,1.79516,0.116763,0.95,0.5,1.6125,33.3749
154,1.76435,0.11716,27.6178,1.79516,0.116763,0.95,0.5,1.6125,33.3749
155,1.7606,0.117209,27.6303,1.77365,0.11704,0.95,1,1.6125,29.583
155,1.74086,0.117468,27.6969,1.77365,0.11704,0.95,1,1.6125,29.583
155,1.71924,0.117756,27.7709,1.77365,0.11704,0.95,1,1.6125,29.583
156,1.76565,0.117143,27.6134,1.78242,0.116927,0.95,1,1.6125,25.7631
156,1.73891,0.117494,27.7036,1.78242,0.116927,0.95,1,1.6125,25.7631
156,1.74677,0.11739,27.6769,1.78242,0.116927,0.95,1,1.6125,25.7631
156,1.74082,0.117468,27.6971,1.78242,0.116927,0.95,1,1.6125,25.7631
157,1.75139,0.117329,27.6613,1.77718,0.116994,0.95,0.5,1.6125,24.1956
157,1.75245,0.117315,27.6577,1.77718,0.116994,0.95,0.5,1.6125,24.1956
158,1.78627,0.116877,27.545,1.78307,0.116918,0.95,1,1.6125,30.6663
158,1.74387,0.117428,27.6867,1.78307,0.116918,0.95,1,1.6125,30.6663
158,1.79194,0.116804,27.5263,1.78307,0.116918,0.95,1,1.6125,30.6663
159,1.66296,0.118525,27.9688,1.74441,0.117421,0.95,1,1.6125,22.4037
159,1.72134,0.117728,27.7637,1.74441,0.117421,0.95,1,1.6125,22.4037
159,1.65504,0.118635,27.9973,1.74441,0.117421,0.95,1,1.6125,22.4037
159,1.65544,0.11863,27.9959,1.74441,0.117421,0.95,1,1.6125,22.4037
160,1.73749,0.117513,27.7084,1.73243,0.11758,0.95,0.5,1.6125,39.1654
160,1.65902,0.11858,27.983,1.73243,0.11758,0.95,0.5,1.6125,39.1654
161,1.6958,0.118072,27.8524,1.71417,0.117824,0.95,1,1.6125,24.7113
161,1.66941,0.118435,27.9458,1.71417,0.117824,0.95,1,1.6125,24.7113
161,1.72198,0.117719,27.7615,1.71417,0.117824,0.95,1,1.6125,24.7113
162,1.78387,0.116908,27.5529,1.79478,0.116768,0.95,1,1.6125,34.0043
162,1.75403,0.117295,27.6524,1.79478,0.116768,0.95,1,1.6125,34.0043
162,1.77891,0.116972,27.5693,1.79478,0.116768,0.95,1,1.6125,34.0043
162,1.78516,0.116891,27.5487,1.79478,0.116768,0.95,1,1.6125,34.0043
163,1.72961,0.117617,27.7353,1.78311,0.116918,0.95,1,1.6125,38.4929
163,1.77654,0.117002,27.5772,1.78311,0.116918,0.95,1,1.6125,38.4929
163,1.74632,0.117396,27.6784,1.78311,0.116918,0.95,1,1.6125,38.4929
163,1.77796,0.116984,27.5725,1.78311,0.116918,0.95,1,1.6125,38.4929
164,1.66329,0.11852,27.9677,1.74383,0.117429,0.95,1,1.6125,24.5964
164,1.72422,0.117689,27.7538,1.74383,0.117429,0.95,1,1.6125,24.5964
164,1.70802,0.117906,27.8098,1.74383,0.117429,0.95,1,1.6125,24.5964
165,1.79686,0.116742,27.5102,1.79859,0.11672,0.95,0.5,1.6125,33.3336
165,1.7699,0.117088,27.5992,1.79859,0.11672,0.95,0.5,1.6125,33.3336
166,1.79371,0.116782,27.5205,1.79355,0.116784,0.95,1,1.6125,34.0365
166,1.75274,0.117312,27.6568,1.79355,0.116784,0.95,1,1.6125,34.0365
166,1.78021,0.116955,27.565,1.79355,0.116784,0.95,1,1.6125,34.0365
166,1.75002,0.117347,27.6659,1.79355,0.116784,0.95,1,1.6125,34.0365
167,1.74134,0.117462,27.6953,1.75246,0.117315,0.95,0.5,1.6125,26.0193
167,1.71084,0.117868,27.8,1.75246,0.117315,0.95,0.5,1.6125,26.0193
168,1.77066,0.117078,27.5967,1.77986,0.116959,0.95,0.5,1.6125,31.3848
168,1.74424,0.117423,27.6855,1.77986,0.116959,0.95,0.5,1.6125,31.3848
169,1.72896,0.117626,27.7375,1.7371,0.117518,0.95,1,1.6125,35.7154
169,1.75269,0.117312,27.6569,1.7371,0.117518,0.95,1,1.6125,35.7154
169,1.68494,0.118221,27.8906,1.7371,0.117518,0.95,1,1.6125,35.7154
169,1.73382,0.117561,27.7209,1.7371,0.117518,0.95,1,1.6125,35.7154
170,1.76014,0.117215,27.6319,1.73185,0.117587,0.95,1,1.6125,36.0352
170,1.70818,0.117904,27.8092,1.73185,0.117587,0.95,1,1.6125,36.0352
170,1.754,0.117295,27.6525,1.73185,0.117587,0.95,1,1.6125,36.0352
170,1.67795,0.118317,27.9153,1.73185,0.117587,0.95,1,1.6125,36.0352
171,1.62731,0.119028,28.0983,1.72046,0.117739,0.95,1,1.6125,22.6831
171,1.64717,0.118746,28.0258,1.72046,0.117739,0.95,1,1.6125,22.6831
171,1.60596,0.119335,28.1775,1.72046,0.117739,0.95,1,1.6125,22.6831
171,1.63782,0.118878,28.0598,1.72046,0.117739,0.95,1,1.6125,22.6831
172,1.74363,0.117431,27.6875,1.74935,0.117356,0.95,0.5,1.6125,22.1973
172,1.76445,0.117159,27.6174,1.74935,0.117356,0.95,0.5,1.6125,22.1973
173,1.77466,0.117026,27.5834,1.76034,0.117212,0.95,1,1.6125,29.3993
173,1.7656,0.117144,27.6136,1.76034,0.117212,0.95,1,1.6125,29.3993
173,1.73676,0.117522,27.7109,1.76034,0.117212,0.95,1,1.6125,29.3993
174,1.74948,0.117354,27.6677,1.74548,0.117407,0.95,1,1.6125,34.7276
174,1.7293,0.117621,27.7363,1.74548,0.117407,0.95,1,1.6125,34.7276
174,1.68936,0.11816,27.875,1.74548,0.117407,0.95,1,1.6125,34.7276
175,1.7321,0.117584,27.7268,1.72798,0.117639,0.95,0.5,1.6125,26.1344
175,1.68157,0.118267,27.9025,1.72798,0.117639,0.95,0.5,1.6125,26.1344
176,1.72635,0.11766,27.7465,1.76257,0.117183,0.95,0.5,1.6125,40.4185
176,1.76513,0.11715,27.6151,1.76257,0.117183,0.95,0.5,1.6125,40.4185
177,1.66228,0.118534,27.9713,1.72294,0.117706,0.95,1,1.6125,25.0668
177,1.64914,0.118718,28.0187,1.72294,0.117706,0.95,1,1.6125,25.0668
177,1.72806,0.117638,27.7406,1.72294,0.117706,0.95,1,1.6125,25.0668
177,1.70623,0.117931,27.816,1.72294,0.117706,0.95,1,1.6125,25.0668
178,1.77273,0.117051,27.5898,1.77147,0.117068,0.95,1,1.6125,22.0383
178,1.75378,0.117298,27.6532,1.77147,0.117068,0.95,1,1.6125,22.0383
178,1.72658,0.117657,27.7457,1.77147,0.117068,0.95,1,1.6125,22.0383
178,1.78641,0.116875,27.5445,1.77147,0.117068,0.95,1,1.6125,22.0383
179,1.71031,0.117876,27.8018,1.75777,0.117246,0.95,1,1.6125,26.4443
179,1.76024,0.117214,27.6315,1.75777,0.117246,0.95,1,1.6125,26.4443
179,1.70588,0.117935,27.8172,1.75777,0.117246,0.95,1,1.6125,26.4443
179,1.76495,0.117152,27.6158,1.75777,0.117246,0.95,1,1.6125,26.4443
180,1.73241,0.11758,27.7257,1.77316,0.117046,0.95,1,1.6125,28.1503
180,1.76258,0.117183,27.6237,1.77316,0.117046,0.95,1,1.6125,28.1503
180,1.74666,0.117391,27.6773,1.77316,0.117046,0.95,1,1.6125,28.1503
181,1.76165,0.117195,27.6268,1.75732,0.117252,0.95,0.5,1.6125,37.7147
181,1.74816,0.117372,27.6722,1.75732,0.117252,0.95,0.5,1.6125,37.7147
182,1.77388,0.117037,27.586,1.7604,0.117212,0.95,1,1.6125,35.1509
182,1.74051,0.117473,27.6981,1.7604,0.117212,0.95,1,1.6125,35.1509
182,1.75398,0.117295,27.6525,1.7604,0.117212,0.95,1,1.6125,35.1509
183,1.78673,0.116871,27.5435,1.78766,0.116859,0.95,1,1.6125,41.1878
183,1.77636,0.117004,27.5777,1.78766,0.116859,0.95,1,1.6125,41.1878
183,1.75442,0.11729,27.6511,1.78766,0.116859,0.95,1,1.6125,41.1878
183,1.77826,0.11698,27.5715,1.78766,0.116859,0.95,1,1.6125,41.1878
184,1.73334,0.117567,27.7225,1.73243,0.11758,0.95,1,1.6125,30.7639
184,1.70372,0.117965,27.8247,1.73243,0.11758,0.95,1,1.6125,30.7639
184,1.71246,0.117847,27.7944,1.73243,0.11758,0.95,1,1.6125,30.7639
185,1.76218,0.117188,27.625,1.7963,0.116749,0.95,1,1.6125,28.9445
185,1.77428,0.117031,27.5847,1.7963,0.116749,0.95,1,1.6125,28.9445
185,1.78865,0.116847,27.5371,1.7963,0.116749,0.95,1,1.6125,28.9445
185,1.7969,0.116741,27.5101,1.7963,0.116749,0.95,1,1.6125,28.9445
186,1.7622,0.117188,27.6249,1.78843,0.116849,0.95,1,1.6125,33.6316
186,1.77044,0.117081,27.5974,1.78843,0.116849,0.95,1,1.6125,33.6316
186,1.77703,0.116996,27.5755,1.78843,0.116849,0.95,1,1.6125,33.6316
186,1.78038,0.116953,27.5644,1.78843,0.116849,0.95,1,1.6125,33.6316
187,1.79974,0.116705,27.5008,1.79971,0.116706,0.95,0.5,1.6125,41.6593
187,1.79748,0.116734,27.5082,1.79971,0.116706,0.95,0.5,1.6125,41.6593
188,1.79829,0.116724,27.5055,1.79599,0.116753,0.95,0.5,1.6125,25.0326
188,1.75805,0.117242,27.6389,1.79599,0.116753,0.95,0.5,1.6125,25.0326
189,1.75117,0.117332,27.662,1.77427,0.117031,0.95,1,1.6125,38.8576
189,1.78086,0.116947,27.5629,1.77427,0.117031,0.95,1,1.6125,38.8576
189,1.7678,0.117115,27.6062,1.77427,0.117031,0.95,1,1.6125,38.8576
189,1.74678,0.11739,27.6769,1.77427,0.117031,0.95,1,1.6125,38.8576
190,1.7308,0.117601,27.7312,1.73972,0.117483,0.95,1,1.6125,32.8915
190,1.74573,0.117404,27.6804,1.73972,0.117483,0.95,1,1.6125,32.8915
190,1.6969,0.118057,27.8486,1.73972,0.117483,0.95,1,1.6125,32.8915
190,1.7601,0.117215,27.632,1.73972,0.117483,0.95,1,1.6125,32.8915
191,1.69312,0.118109,27.8618,1.72896,0.117626,0.95,1,1.6125,22.1447
191,1.74152,0.117459,27.6947,1.72896,0.117626,0.95,1,1.6125,22.1447
191,1.6934,0.118105,27.8608,1.72896,0.117626,0.95,1,1.6125,22.1447
191,1.674,0.118371,27.9294,1.72896,0.117626,0.95,1,1.6125,22.1447
192,1.70029,0.118011,27.8367,1.77186,0.117063,0.95,1,1.6125,36.1734
192,1.75543,0.117276,27.6477,1.77186,0.117063,0.95,1,1.6125,36.1734
192,1.73441,0.117553,27.7189,1.77186,0.117063,0.95,1,1.6125,36.1734
192,1.7706,0.117079,27.5969,1.77186,0.117063,0.95,1,1.6125,36.1734
193,1.6554,0.11863,27.996,1.70086,0.118003,0.95,1,1.6125,35.0828
193,1.71732,0.117781,27.7776,1.70086,0.118003,0.95,1,1.6125,35.0828
193,1.69475,0.118087,27.8561,1.70086,0.118003,0.95,1,1.6125,35.0828
193,1.59842,0.119445,28.2058,1.70086,0.118003,0.95,1,1.6125,35.0828
194,1.76927,0.117096,27.6013,1.79382,0.116781,0.95,1,1.6125,33.4615
194,1.76875,0.117103,27.6031,1.79382,0.116781,0.95,1,1.6125,33.4615
194,1.77476,0.117025,27.5831,1.79382,0.116781,0.95,1,1.6125,33.4615
194,1.79271,0.116795,27.5238,1.79382,0.116781,0.95,1,1.6125,33.4615
195,1.76741,0.11712,27.6075,1.76905,0.117099,0.95,0.5,1.6125,38.2625
195,1.739,0.117492,27.7032,1.76905,0.117099,0.95,0.5,1.6125,38.2625
196,1.73982,0.117482,27.7005,1.78667,0.116872,0.95,0.5,1.6125,32.3373
196,1.77799,0.116984,27.5724,1.78667,0.116872,0.95,0.5,1.6125,32.3373
197,1.72643,0.11766,27.7462,1.7558,0.117272,0.95,0.5,1.6125,33.3616
197,1.7356,0.117538,27.7148,1.7558,0.117272,0.95,0.5,1.6125,33.3616
198,1.79312,0.116789,27.5225,1.79295,0.116792,0.95,1,1.6125,23.0424
198,1.79099,0.116817,27.5295,1.79295,0.116792,0.95,1,1.6125,23.0424
198,1.79184,0.116806,27.5267,1.79295,0.116792,0.95,1,1.6125,23.0424
199,1.7873,0.116864,27.5416,1.78852,0.116848,0.95,0.5,1.6125,26.7635
199,1.7207,0.117736,27.7659,1.78852,0.116848,0.95,0.5,1.6125,26.7635
200,1.78053,0.116951,27.564,1.78799,0.116855,0.95,1,1.6125,34.5202
200,1.75976,0.11722,27.6331,1.78799,0.116855,0.95,1,1.6125,34.5202
200,1.74408,0.117425,27.686,1.78799,0.116855,0.95,1,1.6125,34.5202
200,1.78015,0.116956,27.5652,1.78799,0.116855,0.95,1,1.6125,34.5202
201,1.78085,0.116947,27.5629,1.7846,0.116899,0.95,0.5,1.6125,32.2837
201,1.76885,0.117102,27.6027,1.7846,0.116899,0.95,0.5,1.6125,32.2837
202,1.73671,0.117523,27.7111,1.73749,0.117512,0.95,0.5,1.6125,24.7679
202,1.71521,0.11781,27.7848,1.73749,0.117512,0.95,0.5,1.6125,24.7679
203,1.79719,0.116738,27.5091,1.79968,0.116706,0.95,0.5,1.6125,33.0155
203,1.79078,0.116819,27.5301,1.79968,0.116706,0.95,0.5,1.6125,33.0155
204,1.7249,0.11768,27.7514,1.75799,0.117243,0.95,1,1.6125,31.1807
204,1.75377,0.117298,27.6533,1.75799,0.117243,0.95,1,1.6125,31.1807
204,1.74366,0.117431,27.6874,1.75799,0.117243,0.95,1,1.6125,31.1807
204,1.71575,0.117802,27.783,1.75799,0.117243,0.95,1,1.6125,31.1807
205,1.74696,0.117387,27.6762,1.77913,0.116969,0.95,0.5,1.6125,24.8044
205,1.74687,0.117389,27.6766,1.77913,0.116969,0.95,0.5,1.6125,24.8044
206,1.70628,0.11793,27.8158,1.76295,0.117178,0.95,1,1.6125,36.8593
206,1.77961,0.116963,27.567,1.76295,0.117178,0.95,1,1.6125,36.8593
206,1.72178,0.117722,27.7622,1.76295,0.117178,0.95,1,1.6125,36.8593
207,1.78006,0.116957,27.5655,1.77423,0.117032,0.95,0.5,1.6125,35.3318
207,1.72601,0.117665,27.7477,1.77423,0.117032,0.95,0.5,1.6125,35.3318
208,1.76899,0.1171,27.6023,1.79612,0.116751,0.95,0.5,1.6125,31.6136
208,1.77373,0.117038,27.5865,1.79612,0.116751,0.95,0.5,1.6125,31.6136
209,1.65773,0.118598,27.9876,1.70768,0.117911,0.95,0.5,1.6125,30.8272
209,1.64431,0.118786,28.0362,1.70768,0.117911,0.95,0.5,1.6125,30.8272
210,1.64814,0.118732,28.0223,1.71837,0.117767,0.95,0.5,1.6125,40.1194
210,1.6169,0.119177,28.1368,1.71837,0.117767,0.95,0.5,1.6125,40.1194
211,1.76686,0.117127,27.6094,1.7924,0.116799,0.95,1,1.6125,36.1449
211,1.76825,0.117109,27.6047,1.7924,0.116799,0.95,1,1.6125,36.1449
211,1.79475,0.116769,27.5171,1.7924,0.116799,0.95,1,1.6125,36.1449
212,1.74562,0.117405,27.6808,1.78174,0.116935,0.95,0.5,1.6125,41.3935
212,1.73719,0.117516,27.7094,1.78174,0.116935,0.95,0.5,1.6125,41.3935
213,1.75499,0.117282,27.6492,1.79389,0.11678,0.95,1,1.6125,39.4069
213,1.75984,0.117219,27.6329,1.79389,0.11678,0.95,1,1.6125,39.4069
213,1.75565,0.117274,27.6469,1.79389,0.11678,0.95,1,1.6125,39.4069
214,1.77173,0.117064,27.5931,1.78559,0.116886,0.95,0.5,1.6125,39.2564
214,1.78603,0.11688,27.5458,1.78559,0.116886,0.95,0.5,1.6125,39.2564
215,1.71329,0.117835,27.7915,1.74339,0.117435,0.95,1,1.6125,25.1576
215,1.74821,0.117371,27.672,1.74339,0.117435,0.95,1,1.6125,25.1576
215,1.6921,0.118123,27.8654,1.74339,0.117435,0.95,1,1.6125,25.1576
215,1.71429,0.117822,27.788,1.74339,0.117435,0.95,1,1.6125,25.1576
216,1.78987,0.116831,27.5331,1.78604,0.11688,0.95,1,1.6125,28.4868
216,1.75173,0.117325,27.6601,1.78604,0.11688,0.95,1,1.6125,28.4868
216,1.78687,0.116869,27.543,1.78604,0.11688,0.95,1,1.6125,28.4868
217,1.79935,0.11671,27.5021,1.79307,0.11679,0.95,1,1.6125,35.1214
217,1.77761,0.116988,27.5736,1.79307,0.11679,0.95,1,1.6125,35.1214
217,1.79699,0.11674,27.5098,1.79307,0.11679,0.95,1,1.6125,35.1214
217,1.77191,0.117062,27.5926,1.79307,0.11679,0.95,1,1.6125,35.1214
218,1.79927,0.116711,27.5023,1.798,0.116727,0.95,0.5,1.6125,41.5029
218,1.79998,0.116702,27.5,1.798,0.116727,0.95,0.5,1.6125,41.5029
219,1.74358,0.117432,27.6877,1.776,0.117009,0.95,0.5,1.6125,30.6885
219,1.77915,0.116969,27.5685,1.776,0.117009,0.95,0.5,1.6125,30.6885
220,1.75523,0.117279,27.6484,1.78527,0.11689,0.95,0.5,1.6125,41.9301
220,1.77985,0.11696,27.5662,1.78527,0.11689,0.95,0.5,1.6125,41.9301
221,1.77327,0.117044,27.588,1.79825,0.116724,0.95,0.5,1.6125,25.8707
221,1.75301,0.117308,27.6558,1.79825,0.116724,0.95,0.5,1.6125,25.8707
222,1.76194,0.117191,27.6258,1.79485,0.116767,0.95,0.5,1.6125,38.0339
222,1.79163,0.116808,27.5273,1.79485,0.116767,0.95,0.5,1.6125,38.0339
223,1.77573,0.117013,27.5798,1.76775,0.117116,0.95,0.5,1.6125,27.7281
223,1.76396,0.117165,27.6191,1.76775,0.117116,0.95,0.5,1.6125,27.7281
224,1.68507,0.118219,27.8902,1.7623,0.117187,0.95,1,1.6125,38.2566
224,1.6934,0.118105,27.8608,1.7623,0.117187,0.95,1,1.6125,38.2566
224,1.72663,0.117657,27.7455,1.7623,0.117187,0.95,1,1.6125,38.2566
224,1.71858,0.117764,27.7732,1.7623,0.117187,0.95,1,1.6125,38.2566
225,1.71724,0.117782,27.7778,1.77764,0.116988,0.95,1,1.6125,23.1092
225,1.74585,0.117402,27.68,1.77764,0.116988,0.95,1,1.6125,23.1092
225,1.7792,0.116968,27.5683,1.77764,0.116988,0.95,1,1.6125,23.1092
225,1.74964,0.117352,27.6672,1.77764,0.116988,0.95,1,1.6125,23.1092
226,1.68033,0.118284,27.9069,1.7636,0.11717,0.95,1,1.6125,33.6317
226,1.74764,0.117379,27.674,1.7636,0.11717,0.95,1,1.6125,33.6317
226,1.70773,0.11791,27.8108,1.7636,0.11717,0.95,1,1.6125,33.6317
227,1.73015,0.11761,27.7335,1.7375,0.117512,0.95,1,1.6125,40.4655
227,1.75812,0.117241,27.6386,1.7375,0.117512,0.95,1,1.6125,40.4655
227,1.70327,0.117971,27.8263,1.7375,0.117512,0.95,1,1.6125,40.4655
227,1.76069,0.117208,27.63,1.7375,0.117512,0.95,1,1.6125,40.4655
228,1.79924,0.116712,27.5024,1.79491,0.116767,0.95,1,1.6125,33.4626
228,1.7948,0.116768,27.517,1.79491,0.116767,0.95,1,1.6125,33.4626
228,1.79314,0.116789,27.5224,1.79491,0.116767,0.95,1,1.6125,33.4626
229,1.62843,0.119012,28.0942,1.71935,0.117754,0.95,0.5,1.6125,34.9267
229,1.65979,0.118569,27.9802,1.71935,0.117754,0.95,0.5,1.6125,34.9267
230,1.66959,0.118432,27.9451,1.74948,0.117354,0.95,0.5,1.6125,32.8366
230,1.7147,0.117817,27.7866,1.74948,0.117354,0.95,0.5,1.6125,32.8366
231,1.71614,0.117797,27.7816,1.78313,0.116917,0.95,1,1.6125,23.8715
231,1.7183,0.117768,27.7742,1.78313,0.116917,0.95,1,1.6125,23.8715
231,1.78638,0.116876,27.5446,1.78313,0.116917,0.95,1,1.6125,23.8715
231,1.78309,0.116918,27.5555,1.78313,0.116917,0.95,1,1.6125,23.8715
232,1.73061,0.117604,27.7319,1.75654,0.117262,0.95,1,1.6125,35.2731
232,1.737,0.117519,27.7101,1.75654,0.117262,0.95,1,1.6125,35.2731
232,1.74379,0.117429,27.687,1.75654,0.117262,0.95,1,1.6125,35.2731
232,1.69171,0.118128,27.8668,1.75654,0.117262,0.95,1,1.6125,35.2731
233,1.7397,0.117483,27.7009,1.78991,0.11683,0.95,0.5,1.6125,40.2931
233,1.78692,0.116869,27.5428,1.78991,0.11683,0.95,0.5,1.6125,40.2931
234,1.78702,0.116867,27.5425,1.77912,0.116969,0.95,0.5,1.6125,22.9464
234,1.76864,0.117104,27.6034,1.77912,0.116969,0.95,0.5,1.6125,22.9464
235,1.67043,0.118421,27.9421,1.71096,0.117867,0.95,1,1.6125,24.3786
235,1.65216,0.118676,28.0077,1.71096,0.117867,0.95,1,1.6125,24.3786
235,1.6908,0.11814,27.87,1.71096,0.117867,0.95,1,1.6125,24.3786
235,1.70055,0.118008,27.8358,1.71096,0.117867,0.95,1,1.6125,24.3786
236,1.711,0.117866,27.7994,1.7279,0.11764,0.95,1,1.6125,41.6245
236,1.65231,0.118673,28.0071,1.7279,0.11764,0.95,1,1.6125,41.6245
236,1.64951,0.118713,28.0173,1.7279,0.11764,0.95,1,1.6125,41.6245
237,1.76633,0.117134,27.6112,1.77362,0.11704,0.95,0.5,1.6125,22.4309
237,1.70791,0.117908,27.8102,1.77362,0.11704,0.95,0.5,1.6125,22.4309
238,1.71362,0.117831,27.7903,1.77467,0.117026,0.95,0.5,1.6125,40.1247
238,1.73678,0.117522,27.7108,1.77467,0.117026,0.95,0.5,1.6125,40.1247
239,1.74715,0.117385,27.6756,1.7584,0.117238,0.95,1,1.6125,31.0136
239,1.75073,0.117338,27.6635,1.7584,0.117238,0.95,1,1.6125,31.0136
239,1.73336,0.117567,27.7225,1.7584,0.117238,0.95,1,1.6125,31.0136
239,1.74018,0.117477,27.6992,1.7584,0.117238,0.95,1,1.6125,31.0136
240,1.78177,0.116935,27.5599,1.78655,0.116874,0.95,1,1.6125,41.4654
240,1.74969,0.117352,27.667,1.78655,0.116874,0.95,1,1.6125,41.4654
240,1.7738,0.117038,27.5863,1.78655,0.116874,0.95,1,1.6125,41.4654
240,1.75004,0.117347,27.6658,1.78655,0.116874,0.95,1,1.6125,41.4654
241,1.75988,0.117218,27.6327,1.7959,0.116754,0.95,0.5,1.6125,24.9119
241,1.76636,0.117134,27.611,1.7959,0.116754,0.95,0.5,1.6125,24.9119
242,1.75982,0.117219,27.6329,1.78522,0.116891,0.95,0.5,1.6125,39.2071
242,1.72814,0.117637,27.7403,1.78522,0.116891,0.95,0.5,1.6125,39.2071
243,1.67287,0.118387,27.9334,1.74069,0.11747,0.95,1,1.6125,25.9548
243,1.71317,0.117837,27.7919,1.74069,0.11747,0.95,1,1.6125,25.9548
243,1.7197,0.117749,27.7693,1.74069,0.11747,0.95,1,1.6125,25.9548
243,1.6901,0.11815,27.8724,1.74069,0.11747,0.95,1,1.6125,25.9548
244,1.71059,0.117872,27.8009,1.76614,0.117137,0.95,1,1.6125,22.1405
244,1.72222,0.117716,27.7607,1.76614,0.117137,0.95,1,1.6125,22.1405
244,1.72497,0.117679,27.7512,1.76614,0.117137,0.95,1,1.6125,22.1405
245,1.7758,0.117012,27.5796,1.77105,0.117073,0.95,1,1.6125,36.7072
245,1.78002,0.116957,27.5656,1.77105,0.117073,0.95,1,1.6125,36.7072
245,1.76114,0.117202,27.6285,1.77105,0.117073,0.95,1,1.6125,36.7072
246,1.69113,0.118136,27.8688,1.74217,0.117451,0.95,0.5,1.6125,24.2205
246,1.72073,0.117736,27.7658,1.74217,0.117451,0.95,0.5,1.6125,24.2205
247,1.75704,0.117255,27.6423,1.75436,0.11729,0.95,1,1.6125,27.9146
247,1.73561,0.117537,27.7148,1.75436,0.11729,0.95,1,1.6125,27.9146
247,1.72038,0.11774,27.767,1.75436,0.11729,0.95,1,1.6125,27.9146
248,1.76832,0.117108,27.6045,1.75913,0.117228,0.95,0.5,1.6125,39.2008
248,1.77071,0.117078,27.5965,1.75913,0.117228,0.95,0.5,1.6125,39.2008
249,1.79181,0.116806,27.5268,1.79549,0.116759,0.95,0.5,1.6125,30.2049
249,1.7739,0.117036,27.5859,1.79549,0.116759,0.95,0.5,1.6125,30.2049
