model,seed,mae_mu,mae_chi,mae_bA,mae_bi,key_ret,sec_pairs,sec_oracle,us_pred,params,n_div
kan,0,2.3314683517128287e-15,0.009891382891725052,5.995204332975845e-15,2.220446049250313e-16,1.0012515631043934,158,158,269.222705033966,589,0
kan,1,2.3314683517128287e-15,0.011370258794349901,5.995204332975845e-15,2.220446049250313e-16,1.001443905929296,158,158,281.9980234534552,589,0
kan,2,2.3314683517128287e-15,0.011945154758236052,5.995204332975845e-15,2.220446049250313e-16,1.0014553010528238,158,158,248.17330194099875,589,0
kan,3,2.3314683517128287e-15,0.009637080345511412,5.995204332975845e-15,2.220446049250313e-16,1.0012468034385702,158,158,256.1317016191494,589,0
kan,4,2.3314683517128287e-15,0.010250973573935354,5.995204332975845e-15,2.220446049250313e-16,1.0013416667771233,158,158,251.77331162222592,589,0
kan,5,2.3314683517128287e-15,0.010421726614829383,5.995204332975845e-15,2.220446049250313e-16,1.0013473432854691,158,158,293.84070828270455,589,0
kan,6,2.3314683517128287e-15,0.009775556423918703,5.995204332975845e-15,2.220446049250313e-16,1.0011881370501308,158,158,213.49333186383143,589,0
kan,7,2.3314683517128287e-15,0.008531101082612806,5.995204332975845e-15,2.220446049250313e-16,1.0011004890172188,158,158,243.0846523762179,589,0
kan,8,2.3314683517128287e-15,0.010707411678111487,5.995204332975845e-15,2.220446049250313e-16,1.0012529772084122,158,158,202.55378134047183,589,0
kan,9,2.3314683517128287e-15,0.009614727828888054,5.995204332975845e-15,2.220446049250313e-16,1.001214316415442,158,158,231.48269867166303,589,0
kan,10,2.3314683517128287e-15,0.012220091251603551,5.995204332975845e-15,2.220446049250313e-16,1.0016133597080212,158,158,281.90382407046854,589,0
kan,11,2.3314683517128287e-15,0.010316946696470581,5.995204332975845e-15,2.220446049250313e-16,1.0013311351441767,158,158,247.33368799878428,589,0
kan,12,2.3314683517128287e-15,0.009752750594611304,5.995204332975845e-15,2.220446049250313e-16,1.0012840499711921,158,158,220.9242457488122,589,0
kan,13,2.3314683517128287e-15,0.010392689417773443,5.995204332975845e-15,2.220446049250313e-16,1.0013347134675121,158,158,225.37757575404473,589,0
kan,14,2.3314683517128287e-15,0.00981180450765857,5.995204332975845e-15,2.220446049250313e-16,1.0012625754076776,158,158,226.785631922002,589,0
kan,15,2.3314683517128287e-15,0.010202514389074026,5.995204332975845e-15,2.220446049250313e-16,1.0012397521700427,158,158,147.45748279472954,589,0
kan,16,2.3314683517128287e-15,0.009892845200963481,5.995204332975845e-15,2.220446049250313e-16,1.0012752685018116,158,158,239.74114558838593,589,0
kan,17,2.3314683517128287e-15,0.00974887950266737,5.995204332975845e-15,2.220446049250313e-16,1.0012837872160056,158,158,254.58250414186085,589,0
kan,18,2.3314683517128287e-15,0.009657971578546554,5.995204332975845e-15,2.220446049250313e-16,1.0012601805793495,158,158,225.58290202421352,589,0
kan,19,2.3314683517128287e-15,0.010671223983592841,5.995204332975845e-15,2.220446049250313e-16,1.0013442196395235,158,158,238.91268221912188,589,0
mlp,0,2.3314683517128287e-15,0.010476670997805975,5.995204332975845e-15,2.220446049250313e-16,1.001451412167825,158,158,5.914212222425983,1386,0
mlp,1,2.3314683517128287e-15,0.08288150818188025,5.995204332975845e-15,2.220446049250313e-16,1.0086317151309703,158,158,19.36379529070109,1386,0
mlp,2,2.3314683517128287e-15,0.010045808197511759,5.995204332975845e-15,2.220446049250313e-16,1.0013330877255857,158,158,16.466595384722147,1386,0
mlp,3,2.3314683517128287e-15,0.008956346281987129,5.995204332975845e-15,2.220446049250313e-16,1.0010452954201896,158,158,5.498041909259673,1386,0
mlp,4,2.3314683517128287e-15,0.010092398595900519,5.995204332975845e-15,2.220446049250313e-16,1.0012841733457718,158,158,4.825084425437336,1386,0
mlp,5,2.3314683517128287e-15,0.0822200553257326,5.995204332975845e-15,2.220446049250313e-16,1.0082333329958846,158,158,7.072940665798691,1386,0
mlp,6,2.3314683517128287e-15,0.009875593567087601,5.995204332975845e-15,2.220446049250313e-16,1.0011770908966693,158,158,4.6276817402730765,1386,0
mlp,7,2.3314683517128287e-15,0.007046696724904362,5.995204332975845e-15,2.220446049250313e-16,1.0007081980814925,158,158,8.55846567831647,1386,0
mlp,8,2.3314683517128287e-15,0.011308455949661272,5.995204332975845e-15,2.220446049250313e-16,1.0014340069385843,158,158,2.816463372885035,1386,0
mlp,9,2.3314683517128287e-15,0.010186328382743921,5.995204332975845e-15,2.220446049250313e-16,1.0014344277746285,158,158,12.72119281706042,1386,0
mlp,10,2.3314683517128287e-15,0.010784094187307412,5.995204332975845e-15,2.220446049250313e-16,1.001291013946296,158,158,2.166406215670017,1386,0
mlp,11,2.3314683517128287e-15,0.010351829399259842,5.995204332975845e-15,2.220446049250313e-16,1.0014511088839677,158,158,5.236552365554067,1386,0
mlp,12,2.3314683517128287e-15,0.010812206248649365,5.995204332975845e-15,2.220446049250313e-16,1.0014395491261796,158,158,6.307579505328949,1386,0
mlp,13,2.3314683517128287e-15,0.010171233856446154,5.995204332975845e-15,2.220446049250313e-16,1.0012563345860612,158,158,15.323167989173761,1386,0
mlp,14,2.3314683517128287e-15,0.010441366645164868,5.995204332975845e-15,2.220446049250313e-16,1.0014024454628379,158,158,4.7985330904619055,1386,0
mlp,15,2.3314683517128287e-15,0.010465787361034111,5.995204332975845e-15,2.220446049250313e-16,1.0013968064223682,158,158,2.4534370123337097,1386,0
mlp,16,2.3314683517128287e-15,0.0103554486527166,5.995204332975845e-15,2.220446049250313e-16,1.001387852315146,158,158,2.3519121056709156,1386,0
mlp,17,2.3314683517128287e-15,0.012428877515946523,5.995204332975845e-15,2.220446049250313e-16,1.0017942528178303,158,158,23.511310081140927,1386,0
mlp,18,2.3314683517128287e-15,0.011701072824091894,5.995204332975845e-15,2.220446049250313e-16,1.0016537596727848,158,158,10.218040686315643,1386,0
mlp,19,2.3314683517128287e-15,0.009466858366324852,5.995204332975845e-15,2.220446049250313e-16,1.0012133802846404,158,158,2.9011425795033574,1386,0
linear,0,2.3314683517128287e-15,0.08289271869681127,5.995204332975845e-15,2.220446049250313e-16,1.008640321437241,158,158,0.10863712164931572,9,0
linear,1,2.3314683517128287e-15,0.08289271869681127,5.995204332975845e-15,2.220446049250313e-16,1.008640321437241,158,158,0.10858392880226557,9,0
linear,2,2.3314683517128287e-15,0.08289271869681127,5.995204332975845e-15,2.220446049250313e-16,1.008640321437241,158,158,0.10325998748437716,9,0
linear,3,2.3314683517128287e-15,0.08289271869681127,5.995204332975845e-15,2.220446049250313e-16,1.008640321437241,158,158,0.10815095335531692,9,0
linear,4,2.3314683517128287e-15,0.08289271869681127,5.995204332975845e-15,2.220446049250313e-16,1.008640321437241,158,158,0.10887232537452991,9,0
linear,5,2.3314683517128287e-15,0.08289271869681127,5.995204332975845e-15,2.220446049250313e-16,1.008640321437241,158,158,0.11210795491933823,9,0
linear,6,2.3314683517128287e-15,0.08289271869681127,5.995204332975845e-15,2.220446049250313e-16,1.008640321437241,158,158,0.1075784586226711,9,0
linear,7,2.3314683517128287e-15,0.08289271869681127,5.995204332975845e-15,2.220446049250313e-16,1.008640321437241,158,158,0.1151760807260871,9,0
linear,8,2.3314683517128287e-15,0.08289271869681127,5.995204332975845e-15,2.220446049250313e-16,1.008640321437241,158,158,0.10589970490680291,9,0
linear,9,2.3314683517128287e-15,0.08289271869681127,5.995204332975845e-15,2.220446049250313e-16,1.008640321437241,158,158,0.10810752148525073,9,0
linear,10,2.3314683517128287e-15,0.08289271869681127,5.995204332975845e-15,2.220446049250313e-16,1.008640321437241,158,158,0.10675222326356631,9,0
linear,11,2.3314683517128287e-15,0.08289271869681127,5.995204332975845e-15,2.220446049250313e-16,1.008640321437241,158,158,0.10653260128142743,9,0
linear,12,2.3314683517128287e-15,0.08289271869681127,5.995204332975845e-15,2.220446049250313e-16,1.008640321437241,158,158,0.10884040071127507,9,0
linear,13,2.3314683517128287e-15,0.08289271869681127,5.995204332975845e-15,2.220446049250313e-16,1.008640321437241,158,158,0.10527482327933495,9,0
linear,14,2.3314683517128287e-15,0.08289271869681127,5.995204332975845e-15,2.220446049250313e-16,1.008640321437241,158,158,0.10204492495037043,9,0
linear,15,2.3314683517128287e-15,0.08289271869681127,5.995204332975845e-15,2.220446049250313e-16,1.008640321437241,158,158,0.10691874194890261,9,0
linear,16,2.3314683517128287e-15,0.08289271869681127,5.995204332975845e-15,2.220446049250313e-16,1.008640321437241,158,158,0.10806220905998579,9,0
linear,17,2.3314683517128287e-15,0.08289271869681127,5.995204332975845e-15,2.220446049250313e-16,1.008640321437241,158,158,0.11087645991490437,9,0
linear,18,2.3314683517128287e-15,0.08289271869681127,5.995204332975845e-15,2.220446049250313e-16,1.008640321437241,158,158,0.10916837849296056,9,0
linear,19,2.3314683517128287e-15,0.08289271869681127,5.995204332975845e-15,2.220446049250313e-16,1.008640321437241,158,158,0.11180317065177055,9,0
